,filename,height,width
0,0001.png_top_left.jpg,108,108
1,0001.png_top_right.jpg,108,106
2,0001.png_bottom_left.jpg,106,108
3,0001.png_bottom_right.jpg,106,106
4,0002.png_top_left.jpg,108,108
5,0002.png_top_right.jpg,108,106
6,0002.png_bottom_left.jpg,106,108
7,0002.png_bottom_right.jpg,106,106
8,0003.png_top_left.jpg,108,108
9,0003.png_top_right.jpg,108,106
10,0003.png_bottom_left.jpg,106,108
11,0003.png_bottom_right.jpg,106,106
12,0004.png_top_left.jpg,108,108
13,0004.png_top_right.jpg,108,106
14,0004.png_bottom_left.jpg,106,108
15,0004.png_bottom_right.jpg,106,106
16,0005.png_top_left.jpg,108,108
17,0005.png_top_right.jpg,108,106
18,0005.png_bottom_left.jpg,106,108
19,0005.png_bottom_right.jpg,106,106
20,0006.png_top_left.jpg,108,108
21,0006.png_top_right.jpg,108,106
22,0006.png_bottom_left.jpg,106,108
23,0006.png_bottom_right.jpg,106,106
24,0007.png_top_left.jpg,108,108
25,0007.png_top_right.jpg,108,106
26,0007.png_bottom_left.jpg,106,108
27,0007.png_bottom_right.jpg,106,106
28,0008.png_top_left.jpg,108,108
29,0008.png_top_right.jpg,108,106
30,0008.png_bottom_left.jpg,106,108
31,0008.png_bottom_right.jpg,106,106
32,0009.png_top_left.jpg,108,108
33,0009.png_top_right.jpg,108,106
34,0009.png_bottom_left.jpg,106,108
35,0009.png_bottom_right.jpg,106,106
36,0010.png_top_left.jpg,108,108
37,0010.png_top_right.jpg,108,106
38,0010.png_bottom_left.jpg,106,108
39,0010.png_bottom_right.jpg,106,106
40,0011.png_top_left.jpg,108,108
41,0011.png_top_right.jpg,108,106
42,0011.png_bottom_left.jpg,106,108
43,0011.png_bottom_right.jpg,106,106
44,0012.png_top_left.jpg,108,108
45,0012.png_top_right.jpg,108,106
46,0012.png_bottom_left.jpg,106,108
47,0012.png_bottom_right.jpg,106,106
48,0013.png_top_left.jpg,108,108
49,0013.png_top_right.jpg,108,106
50,0013.png_bottom_left.jpg,106,108
51,0013.png_bottom_right.jpg,106,106
52,0014.png_top_left.jpg,108,108
53,0014.png_top_right.jpg,108,106
54,0014.png_bottom_left.jpg,106,108
55,0014.png_bottom_right.jpg,106,106
56,0015.png_top_left.jpg,108,108
57,0015.png_top_right.jpg,108,106
58,0015.png_bottom_left.jpg,106,108
59,0015.png_bottom_right.jpg,106,106
60,0016.png_top_left.jpg,108,108
61,0016.png_top_right.jpg,108,106
62,0016.png_bottom_left.jpg,106,108
63,0016.png_bottom_right.jpg,106,106
64,0017.png_top_left.jpg,108,108
65,0017.png_top_right.jpg,108,106
66,0017.png_bottom_left.jpg,106,108
67,0017.png_bottom_right.jpg,106,106
68,0018.png_top_left.jpg,108,108
69,0018.png_top_right.jpg,108,106
70,0018.png_bottom_left.jpg,106,108
71,0018.png_bottom_right.jpg,106,106
72,0019.png_top_left.jpg,108,108
73,0019.png_top_right.jpg,108,106
74,0019.png_bottom_left.jpg,106,108
75,0019.png_bottom_right.jpg,106,106
76,0020.png_top_left.jpg,108,108
77,0020.png_top_right.jpg,108,106
78,0020.png_bottom_left.jpg,106,108
79,0020.png_bottom_right.jpg,106,106
80,0021.png_top_left.jpg,108,108
81,0021.png_top_right.jpg,108,106
82,0021.png_bottom_left.jpg,106,108
83,0021.png_bottom_right.jpg,106,106
84,0022.png_top_left.jpg,108,108
85,0022.png_top_right.jpg,108,106
86,0022.png_bottom_left.jpg,106,108
87,0022.png_bottom_right.jpg,106,106
88,0023.png_top_left.jpg,108,108
89,0023.png_top_right.jpg,108,106
90,0023.png_bottom_left.jpg,106,108
91,0023.png_bottom_right.jpg,106,106
92,0024.png_top_left.jpg,108,108
93,0024.png_top_right.jpg,108,106
94,0024.png_bottom_left.jpg,106,108
95,0024.png_bottom_right.jpg,106,106
96,0025.png_top_left.jpg,108,108
97,0025.png_top_right.jpg,108,106
98,0025.png_bottom_left.jpg,106,108
99,0025.png_bottom_right.jpg,106,106
100,0026.png_top_left.jpg,108,108
101,0026.png_top_right.jpg,108,106
102,0026.png_bottom_left.jpg,106,108
103,0026.png_bottom_right.jpg,106,106
104,0027.png_top_left.jpg,108,108
105,0027.png_top_right.jpg,108,106
106,0027.png_bottom_left.jpg,106,108
107,0027.png_bottom_right.jpg,106,106
108,0028.png_top_left.jpg,108,108
109,0028.png_top_right.jpg,108,106
110,0028.png_bottom_left.jpg,106,108
111,0028.png_bottom_right.jpg,106,106
112,0029.png_top_left.jpg,108,108
113,0029.png_top_right.jpg,108,106
114,0029.png_bottom_left.jpg,106,108
115,0029.png_bottom_right.jpg,106,106
116,0030.png_top_left.jpg,108,108
117,0030.png_top_right.jpg,108,106
118,0030.png_bottom_left.jpg,106,108
119,0030.png_bottom_right.jpg,106,106
120,0031.png_top_left.jpg,108,108
121,0031.png_top_right.jpg,108,106
122,0031.png_bottom_left.jpg,106,108
123,0031.png_bottom_right.jpg,106,106
124,0032.png_top_left.jpg,108,108
125,0032.png_top_right.jpg,108,106
126,0032.png_bottom_left.jpg,106,108
127,0032.png_bottom_right.jpg,106,106
128,0033.png_top_left.jpg,108,108
129,0033.png_top_right.jpg,108,106
130,0033.png_bottom_left.jpg,106,108
131,0033.png_bottom_right.jpg,106,106
132,0034.png_top_left.jpg,108,108
133,0034.png_top_right.jpg,108,106
134,0034.png_bottom_left.jpg,106,108
135,0034.png_bottom_right.jpg,106,106
136,0035.png_top_left.jpg,108,108
137,0035.png_top_right.jpg,108,106
138,0035.png_bottom_left.jpg,106,108
139,0035.png_bottom_right.jpg,106,106
140,0036.png_top_left.jpg,108,108
141,0036.png_top_right.jpg,108,106
142,0036.png_bottom_left.jpg,106,108
143,0036.png_bottom_right.jpg,106,106
144,0037.png_top_left.jpg,108,108
145,0037.png_top_right.jpg,108,106
146,0037.png_bottom_left.jpg,106,108
147,0037.png_bottom_right.jpg,106,106
148,0038.png_top_left.jpg,108,108
149,0038.png_top_right.jpg,108,106
150,0038.png_bottom_left.jpg,106,108
151,0038.png_bottom_right.jpg,106,106
152,0039.png_top_left.jpg,108,108
153,0039.png_top_right.jpg,108,106
154,0039.png_bottom_left.jpg,106,108
155,0039.png_bottom_right.jpg,106,106
156,0040.png_top_left.jpg,108,108
157,0040.png_top_right.jpg,108,106
158,0040.png_bottom_left.jpg,106,108
159,0040.png_bottom_right.jpg,106,106
160,0041.png_top_left.jpg,108,108
161,0041.png_top_right.jpg,108,106
162,0041.png_bottom_left.jpg,106,108
163,0041.png_bottom_right.jpg,106,106
164,0042.png_top_left.jpg,108,108
165,0042.png_top_right.jpg,108,106
166,0042.png_bottom_left.jpg,106,108
167,0042.png_bottom_right.jpg,106,106
168,0043.png_top_left.jpg,108,108
169,0043.png_top_right.jpg,108,106
170,0043.png_bottom_left.jpg,106,108
171,0043.png_bottom_right.jpg,106,106
172,0044.png_top_left.jpg,108,108
173,0044.png_top_right.jpg,108,106
174,0044.png_bottom_left.jpg,106,108
175,0044.png_bottom_right.jpg,106,106
176,0045.png_top_left.jpg,108,108
177,0045.png_top_right.jpg,108,106
178,0045.png_bottom_left.jpg,106,108
179,0045.png_bottom_right.jpg,106,106
180,0046.png_top_left.jpg,108,108
181,0046.png_top_right.jpg,108,106
182,0046.png_bottom_left.jpg,106,108
183,0046.png_bottom_right.jpg,106,106
184,0047.png_top_left.jpg,108,108
185,0047.png_top_right.jpg,108,106
186,0047.png_bottom_left.jpg,106,108
187,0047.png_bottom_right.jpg,106,106
188,0048.png_top_left.jpg,108,108
189,0048.png_top_right.jpg,108,106
190,0048.png_bottom_left.jpg,106,108
191,0048.png_bottom_right.jpg,106,106
192,0049.png_top_left.jpg,108,108
193,0049.png_top_right.jpg,108,106
194,0049.png_bottom_left.jpg,106,108
195,0049.png_bottom_right.jpg,106,106
196,0050.png_top_left.jpg,108,108
197,0050.png_top_right.jpg,108,106
198,0050.png_bottom_left.jpg,106,108
199,0050.png_bottom_right.jpg,106,106
200,0051.png_top_left.jpg,108,108
201,0051.png_top_right.jpg,108,106
202,0051.png_bottom_left.jpg,106,108
203,0051.png_bottom_right.jpg,106,106
204,0052.png_top_left.jpg,108,108
205,0052.png_top_right.jpg,108,106
206,0052.png_bottom_left.jpg,106,108
207,0052.png_bottom_right.jpg,106,106
208,0053.png_top_left.jpg,108,108
209,0053.png_top_right.jpg,108,106
210,0053.png_bottom_left.jpg,106,108
211,0053.png_bottom_right.jpg,106,106
212,0054.png_top_left.jpg,108,108
213,0054.png_top_right.jpg,108,106
214,0054.png_bottom_left.jpg,106,108
215,0054.png_bottom_right.jpg,106,106
216,0055.png_top_left.jpg,108,108
217,0055.png_top_right.jpg,108,106
218,0055.png_bottom_left.jpg,106,108
219,0055.png_bottom_right.jpg,106,106
220,0056.png_top_left.jpg,108,108
221,0056.png_top_right.jpg,108,106
222,0056.png_bottom_left.jpg,106,108
223,0056.png_bottom_right.jpg,106,106
224,0057.png_top_left.jpg,108,108
225,0057.png_top_right.jpg,108,106
226,0057.png_bottom_left.jpg,106,108
227,0057.png_bottom_right.jpg,106,106
228,0058.png_top_left.jpg,108,108
229,0058.png_top_right.jpg,108,106
230,0058.png_bottom_left.jpg,106,108
231,0058.png_bottom_right.jpg,106,106
232,0059.png_top_left.jpg,108,108
233,0059.png_top_right.jpg,108,106
234,0059.png_bottom_left.jpg,106,108
235,0059.png_bottom_right.jpg,106,106
236,0060.png_top_left.jpg,108,108
237,0060.png_top_right.jpg,108,106
238,0060.png_bottom_left.jpg,106,108
239,0060.png_bottom_right.jpg,106,106
240,0061.png_top_left.jpg,108,108
241,0061.png_top_right.jpg,108,106
242,0061.png_bottom_left.jpg,106,108
243,0061.png_bottom_right.jpg,106,106
244,0062.png_top_left.jpg,108,108
245,0062.png_top_right.jpg,108,106
246,0062.png_bottom_left.jpg,106,108
247,0062.png_bottom_right.jpg,106,106
248,0063.png_top_left.jpg,108,108
249,0063.png_top_right.jpg,108,106
250,0063.png_bottom_left.jpg,106,108
251,0063.png_bottom_right.jpg,106,106
252,0064.png_top_left.jpg,108,108
253,0064.png_top_right.jpg,108,106
254,0064.png_bottom_left.jpg,106,108
255,0064.png_bottom_right.jpg,106,106
256,0065.png_top_left.jpg,108,108
257,0065.png_top_right.jpg,108,106
258,0065.png_bottom_left.jpg,106,108
259,0065.png_bottom_right.jpg,106,106
260,0066.png_top_left.jpg,108,108
261,0066.png_top_right.jpg,108,106
262,0066.png_bottom_left.jpg,106,108
263,0066.png_bottom_right.jpg,106,106
264,0067.png_top_left.jpg,108,108
265,0067.png_top_right.jpg,108,106
266,0067.png_bottom_left.jpg,106,108
267,0067.png_bottom_right.jpg,106,106
268,0068.png_top_left.jpg,108,108
269,0068.png_top_right.jpg,108,106
270,0068.png_bottom_left.jpg,106,108
271,0068.png_bottom_right.jpg,106,106
272,0069.png_top_left.jpg,108,108
273,0069.png_top_right.jpg,108,106
274,0069.png_bottom_left.jpg,106,108
275,0069.png_bottom_right.jpg,106,106
276,0070.png_top_left.jpg,108,108
277,0070.png_top_right.jpg,108,106
278,0070.png_bottom_left.jpg,106,108
279,0070.png_bottom_right.jpg,106,106
280,0071.png_top_left.jpg,108,108
281,0071.png_top_right.jpg,108,106
282,0071.png_bottom_left.jpg,106,108
283,0071.png_bottom_right.jpg,106,106
284,0072.png_top_left.jpg,108,108
285,0072.png_top_right.jpg,108,106
286,0072.png_bottom_left.jpg,106,108
287,0072.png_bottom_right.jpg,106,106
288,0073.png_top_left.jpg,108,108
289,0073.png_top_right.jpg,108,106
290,0073.png_bottom_left.jpg,106,108
291,0073.png_bottom_right.jpg,106,106
292,0074.png_top_left.jpg,108,108
293,0074.png_top_right.jpg,108,106
294,0074.png_bottom_left.jpg,106,108
295,0074.png_bottom_right.jpg,106,106
296,0075.png_top_left.jpg,108,108
297,0075.png_top_right.jpg,108,106
298,0075.png_bottom_left.jpg,106,108
299,0075.png_bottom_right.jpg,106,106
300,0076.png_top_left.jpg,108,108
301,0076.png_top_right.jpg,108,106
302,0076.png_bottom_left.jpg,106,108
303,0076.png_bottom_right.jpg,106,106
304,0077.png_top_left.jpg,108,108
305,0077.png_top_right.jpg,108,106
306,0077.png_bottom_left.jpg,106,108
307,0077.png_bottom_right.jpg,106,106
308,0078.png_top_left.jpg,108,108
309,0078.png_top_right.jpg,108,106
310,0078.png_bottom_left.jpg,106,108
311,0078.png_bottom_right.jpg,106,106
312,0079.png_top_left.jpg,108,108
313,0079.png_top_right.jpg,108,106
314,0079.png_bottom_left.jpg,106,108
315,0079.png_bottom_right.jpg,106,106
316,0080.png_top_left.jpg,108,108
317,0080.png_top_right.jpg,108,106
318,0080.png_bottom_left.jpg,106,108
319,0080.png_bottom_right.jpg,106,106
320,0081.png_top_left.jpg,108,108
321,0081.png_top_right.jpg,108,106
322,0081.png_bottom_left.jpg,106,108
323,0081.png_bottom_right.jpg,106,106
324,0082.png_top_left.jpg,108,108
325,0082.png_top_right.jpg,108,106
326,0082.png_bottom_left.jpg,106,108
327,0082.png_bottom_right.jpg,106,106
328,0083.png_top_left.jpg,108,108
329,0083.png_top_right.jpg,108,106
330,0083.png_bottom_left.jpg,106,108
331,0083.png_bottom_right.jpg,106,106
332,0084.png_top_left.jpg,108,108
333,0084.png_top_right.jpg,108,106
334,0084.png_bottom_left.jpg,106,108
335,0084.png_bottom_right.jpg,106,106
336,0085.png_top_left.jpg,108,108
337,0085.png_top_right.jpg,108,106
338,0085.png_bottom_left.jpg,106,108
339,0085.png_bottom_right.jpg,106,106
340,0086.png_top_left.jpg,108,108
341,0086.png_top_right.jpg,108,106
342,0086.png_bottom_left.jpg,106,108
343,0086.png_bottom_right.jpg,106,106
344,0087.png_top_left.jpg,108,108
345,0087.png_top_right.jpg,108,106
346,0087.png_bottom_left.jpg,106,108
347,0087.png_bottom_right.jpg,106,106
348,0088.png_top_left.jpg,108,108
349,0088.png_top_right.jpg,108,106
350,0088.png_bottom_left.jpg,106,108
351,0088.png_bottom_right.jpg,106,106
352,0089.png_top_left.jpg,108,108
353,0089.png_top_right.jpg,108,106
354,0089.png_bottom_left.jpg,106,108
355,0089.png_bottom_right.jpg,106,106
356,0090.png_top_left.jpg,108,108
357,0090.png_top_right.jpg,108,106
358,0090.png_bottom_left.jpg,106,108
359,0090.png_bottom_right.jpg,106,106
360,0091.png_top_left.jpg,108,108
361,0091.png_top_right.jpg,108,106
362,0091.png_bottom_left.jpg,106,108
363,0091.png_bottom_right.jpg,106,106
364,0092.png_top_left.jpg,108,108
365,0092.png_top_right.jpg,108,106
366,0092.png_bottom_left.jpg,106,108
367,0092.png_bottom_right.jpg,106,106
368,0093.png_top_left.jpg,108,108
369,0093.png_top_right.jpg,108,106
370,0093.png_bottom_left.jpg,106,108
371,0093.png_bottom_right.jpg,106,106
372,0094.png_top_left.jpg,108,108
373,0094.png_top_right.jpg,108,106
374,0094.png_bottom_left.jpg,106,108
375,0094.png_bottom_right.jpg,106,106
376,0095.png_top_left.jpg,108,108
377,0095.png_top_right.jpg,108,106
378,0095.png_bottom_left.jpg,106,108
379,0095.png_bottom_right.jpg,106,106
380,0096.png_top_left.jpg,108,108
381,0096.png_top_right.jpg,108,106
382,0096.png_bottom_left.jpg,106,108
383,0096.png_bottom_right.jpg,106,106
384,0097.png_top_left.jpg,108,108
385,0097.png_top_right.jpg,108,106
386,0097.png_bottom_left.jpg,106,108
387,0097.png_bottom_right.jpg,106,106
388,0098.png_top_left.jpg,108,108
389,0098.png_top_right.jpg,108,106
390,0098.png_bottom_left.jpg,106,108
391,0098.png_bottom_right.jpg,106,106
392,0099.png_top_left.jpg,108,108
393,0099.png_top_right.jpg,108,106
394,0099.png_bottom_left.jpg,106,108
395,0099.png_bottom_right.jpg,106,106
396,0100.png_top_left.jpg,108,108
397,0100.png_top_right.jpg,108,106
398,0100.png_bottom_left.jpg,106,108
399,0100.png_bottom_right.jpg,106,106
400,0101.png_top_left.jpg,108,108
401,0101.png_top_right.jpg,108,106
402,0101.png_bottom_left.jpg,106,108
403,0101.png_bottom_right.jpg,106,106
404,0102.png_top_left.jpg,108,108
405,0102.png_top_right.jpg,108,106
406,0102.png_bottom_left.jpg,106,108
407,0102.png_bottom_right.jpg,106,106
408,0103.png_top_left.jpg,108,108
409,0103.png_top_right.jpg,108,106
410,0103.png_bottom_left.jpg,106,108
411,0103.png_bottom_right.jpg,106,106
412,0104.png_top_left.jpg,108,108
413,0104.png_top_right.jpg,108,106
414,0104.png_bottom_left.jpg,106,108
415,0104.png_bottom_right.jpg,106,106
416,0105.png_top_left.jpg,108,108
417,0105.png_top_right.jpg,108,106
418,0105.png_bottom_left.jpg,106,108
419,0105.png_bottom_right.jpg,106,106
420,0106.png_top_left.jpg,108,108
421,0106.png_top_right.jpg,108,106
422,0106.png_bottom_left.jpg,106,108
423,0106.png_bottom_right.jpg,106,106
424,0107.png_top_left.jpg,108,108
425,0107.png_top_right.jpg,108,106
426,0107.png_bottom_left.jpg,106,108
427,0107.png_bottom_right.jpg,106,106
428,0108.png_top_left.jpg,108,108
429,0108.png_top_right.jpg,108,106
430,0108.png_bottom_left.jpg,106,108
431,0108.png_bottom_right.jpg,106,106
432,0109.png_top_left.jpg,108,108
433,0109.png_top_right.jpg,108,106
434,0109.png_bottom_left.jpg,106,108
435,0109.png_bottom_right.jpg,106,106
436,0110.png_top_left.jpg,108,108
437,0110.png_top_right.jpg,108,106
438,0110.png_bottom_left.jpg,106,108
439,0110.png_bottom_right.jpg,106,106
440,0111.png_top_left.jpg,108,108
441,0111.png_top_right.jpg,108,106
442,0111.png_bottom_left.jpg,106,108
443,0111.png_bottom_right.jpg,106,106
444,0112.png_top_left.jpg,108,108
445,0112.png_top_right.jpg,108,106
446,0112.png_bottom_left.jpg,106,108
447,0112.png_bottom_right.jpg,106,106
448,0113.png_top_left.jpg,108,108
449,0113.png_top_right.jpg,108,106
450,0113.png_bottom_left.jpg,106,108
451,0113.png_bottom_right.jpg,106,106
452,0114.png_top_left.jpg,108,108
453,0114.png_top_right.jpg,108,106
454,0114.png_bottom_left.jpg,106,108
455,0114.png_bottom_right.jpg,106,106
456,0115.png_top_left.jpg,108,108
457,0115.png_top_right.jpg,108,106
458,0115.png_bottom_left.jpg,106,108
459,0115.png_bottom_right.jpg,106,106
460,0116.png_top_left.jpg,108,108
461,0116.png_top_right.jpg,108,106
462,0116.png_bottom_left.jpg,106,108
463,0116.png_bottom_right.jpg,106,106
464,0117.png_top_left.jpg,108,108
465,0117.png_top_right.jpg,108,106
466,0117.png_bottom_left.jpg,106,108
467,0117.png_bottom_right.jpg,106,106
468,0118.png_top_left.jpg,108,108
469,0118.png_top_right.jpg,108,106
470,0118.png_bottom_left.jpg,106,108
471,0118.png_bottom_right.jpg,106,106
472,0119.png_top_left.jpg,108,108
473,0119.png_top_right.jpg,108,106
474,0119.png_bottom_left.jpg,106,108
475,0119.png_bottom_right.jpg,106,106
476,0120.png_top_left.jpg,108,108
477,0120.png_top_right.jpg,108,106
478,0120.png_bottom_left.jpg,106,108
479,0120.png_bottom_right.jpg,106,106
480,0121.png_top_left.jpg,108,108
481,0121.png_top_right.jpg,108,106
482,0121.png_bottom_left.jpg,106,108
483,0121.png_bottom_right.jpg,106,106
484,0122.png_top_left.jpg,108,108
485,0122.png_top_right.jpg,108,106
486,0122.png_bottom_left.jpg,106,108
487,0122.png_bottom_right.jpg,106,106
488,0123.png_top_left.jpg,108,108
489,0123.png_top_right.jpg,108,106
490,0123.png_bottom_left.jpg,106,108
491,0123.png_bottom_right.jpg,106,106
492,0124.png_top_left.jpg,108,108
493,0124.png_top_right.jpg,108,106
494,0124.png_bottom_left.jpg,106,108
495,0124.png_bottom_right.jpg,106,106
496,0125.png_top_left.jpg,108,108
497,0125.png_top_right.jpg,108,106
498,0125.png_bottom_left.jpg,106,108
499,0125.png_bottom_right.jpg,106,106
500,0126.png_top_left.jpg,108,108
501,0126.png_top_right.jpg,108,106
502,0126.png_bottom_left.jpg,106,108
503,0126.png_bottom_right.jpg,106,106
504,0127.png_top_left.jpg,108,108
505,0127.png_top_right.jpg,108,106
506,0127.png_bottom_left.jpg,106,108
507,0127.png_bottom_right.jpg,106,106
508,0128.png_top_left.jpg,108,108
509,0128.png_top_right.jpg,108,106
510,0128.png_bottom_left.jpg,106,108
511,0128.png_bottom_right.jpg,106,106
512,0129.png_top_left.jpg,108,108
513,0129.png_top_right.jpg,108,106
514,0129.png_bottom_left.jpg,106,108
515,0129.png_bottom_right.jpg,106,106
516,0130.png_top_left.jpg,108,108
517,0130.png_top_right.jpg,108,106
518,0130.png_bottom_left.jpg,106,108
519,0130.png_bottom_right.jpg,106,106
520,0131.png_top_left.jpg,108,108
521,0131.png_top_right.jpg,108,106
522,0131.png_bottom_left.jpg,106,108
523,0131.png_bottom_right.jpg,106,106
524,0132.png_top_left.jpg,108,108
525,0132.png_top_right.jpg,108,106
526,0132.png_bottom_left.jpg,106,108
527,0132.png_bottom_right.jpg,106,106
528,0133.png_top_left.jpg,108,108
529,0133.png_top_right.jpg,108,106
530,0133.png_bottom_left.jpg,106,108
531,0133.png_bottom_right.jpg,106,106
532,0134.png_top_left.jpg,108,108
533,0134.png_top_right.jpg,108,106
534,0134.png_bottom_left.jpg,106,108
535,0134.png_bottom_right.jpg,106,106
536,0135.png_top_left.jpg,108,108
537,0135.png_top_right.jpg,108,106
538,0135.png_bottom_left.jpg,106,108
539,0135.png_bottom_right.jpg,106,106
540,0136.png_top_left.jpg,108,108
541,0136.png_top_right.jpg,108,106
542,0136.png_bottom_left.jpg,106,108
543,0136.png_bottom_right.jpg,106,106
544,0137.png_top_left.jpg,108,108
545,0137.png_top_right.jpg,108,106
546,0137.png_bottom_left.jpg,106,108
547,0137.png_bottom_right.jpg,106,106
548,0138.png_top_left.jpg,108,108
549,0138.png_top_right.jpg,108,106
550,0138.png_bottom_left.jpg,106,108
551,0138.png_bottom_right.jpg,106,106
552,0139.png_top_left.jpg,108,108
553,0139.png_top_right.jpg,108,106
554,0139.png_bottom_left.jpg,106,108
555,0139.png_bottom_right.jpg,106,106
556,0140.png_top_left.jpg,108,108
557,0140.png_top_right.jpg,108,106
558,0140.png_bottom_left.jpg,106,108
559,0140.png_bottom_right.jpg,106,106
560,0141.png_top_left.jpg,108,108
561,0141.png_top_right.jpg,108,106
562,0141.png_bottom_left.jpg,106,108
563,0141.png_bottom_right.jpg,106,106
564,0142.png_top_left.jpg,108,108
565,0142.png_top_right.jpg,108,106
566,0142.png_bottom_left.jpg,106,108
567,0142.png_bottom_right.jpg,106,106
568,0143.png_top_left.jpg,108,108
569,0143.png_top_right.jpg,108,106
570,0143.png_bottom_left.jpg,106,108
571,0143.png_bottom_right.jpg,106,106
572,0144.png_top_left.jpg,108,108
573,0144.png_top_right.jpg,108,106
574,0144.png_bottom_left.jpg,106,108
575,0144.png_bottom_right.jpg,106,106
576,0145.png_top_left.jpg,108,108
577,0145.png_top_right.jpg,108,106
578,0145.png_bottom_left.jpg,106,108
579,0145.png_bottom_right.jpg,106,106
580,0146.png_top_left.jpg,108,108
581,0146.png_top_right.jpg,108,106
582,0146.png_bottom_left.jpg,106,108
583,0146.png_bottom_right.jpg,106,106
584,0147.png_top_left.jpg,108,108
585,0147.png_top_right.jpg,108,106
586,0147.png_bottom_left.jpg,106,108
587,0147.png_bottom_right.jpg,106,106
588,0148.png_top_left.jpg,108,108
589,0148.png_top_right.jpg,108,106
590,0148.png_bottom_left.jpg,106,108
591,0148.png_bottom_right.jpg,106,106
592,0149.png_top_left.jpg,108,108
593,0149.png_top_right.jpg,108,106
594,0149.png_bottom_left.jpg,106,108
595,0149.png_bottom_right.jpg,106,106
596,0150.png_top_left.jpg,108,108
597,0150.png_top_right.jpg,108,106
598,0150.png_bottom_left.jpg,106,108
599,0150.png_bottom_right.jpg,106,106
600,0151.png_top_left.jpg,108,108
601,0151.png_top_right.jpg,108,106
602,0151.png_bottom_left.jpg,106,108
603,0151.png_bottom_right.jpg,106,106
